<?xml version="1.0" encoding="UTF-8" standalone="yes"?>
<addon id="plugin.video.DKTV" name="DKTV" version="1.0.0" provider-name="DKTV">
  <requires>
    <import addon="xbmc.python" version="2.1.0"/>
  </requires>
  <extension point="xbmc.python.pluginsource" library="default.py">
        <provides>video</provides>
  </extension>
  <extension point="xbmc.addon.metadata">
    <summary lang="en">DKTV Live and On Demand</summary>
    <description lang="en">DKTV Live and On Demand</description>
    <platform>all</platform>
  </extension>
</addon>
