<?xml version="1.0" encoding="UTF-8" standalone="yes"?>
<addon id="plugin.video.dktvlounge" name="DKTV Lounge" version="3.0.5" provider-name="Devils Origin Builds">
  <requires>
    <import addon="xbmc.python" version="2.1.0"/>
	<import addon="script.module.addon.common" />
	<import addon="script.module.beautifulsoup" version="3.2.1"/>
	<import addon="script.module.beautifulsoup4" />
	<import addon="script.module.httplib2" />
	<import addon="script.module.urlresolver"/>
	<import addon="script.module.requests" />
	
  </requires>
  <extension point="xbmc.python.pluginsource" library="default.py">
        <provides>video</provides>
  </extension>
  <extension point="xbmc.addon.metadata">
    <summary lang="en">DKTV</summary>
    <description lang="en">DKTV</description>
    <platform>all</platform>
  </extension>
</addon>