<?xml version="1.0" encoding="UTF-8"?>
    <addon id="repository.DKTV" name="DKTV Repo" version="0.1.0" provider-name="DKTV">
        <requires>
            <import addon="xbmc.addon" version="12.0.0"/>
        </requires>
        <extension point="xbmc.addon.repository" name="DKTV Repo">
            <info compressed="false">https://raw.github.com/dharrison1703/DKTV/master/_repo/addons.xml</info>
            <checksum>https://raw.github.com/dharrison1703/DKTV/master/_repo/addons.xml.md5</checksum>
            <datadir zip="true">https://raw.github.com/dharrison1703/DKTV/master/_repo/</datadir>
            <hashes>false</hashes>
        </extension>
        <extension point="xbmc.addon.metadata">
            <summary>Keep Your DKTV Build Upto Date</summary>
            <description>Keep Your DKTV Build Upto Date</description>
            <platform>all</platform>
    </extension>
</addon>